period_return,ISIN,assetCategory,country
0.2507507507507507,100974271034,Stock,Greece
-0.11814088075270124,AU3CB0228823,Bond,Germany
-0.050771070332924606,AU3CB0237725,Bond,Australia
0.04953572447956578,AU3CB0237881,Bond,Germany
-0.025767268675064736,AU3CB0258465,Bond,Australia
-0.21548135258428736,AU3SG0001985,Bond,Australia
-0.17450101971265408,AU3SG0002199,Bond,Australia
0.23766816143497738,BE0974271034,Stock,Belgium
-0.39738365858889124,BE0974293251,Stock,Belgium
1.58716323296355,BE0974303357,Stock,Greece
-0.7430831970668372,BMG375851091,Stock,USA
0.07280672631906326,CA037833CY47,Bond,Canada
0.16128125719907538,CA580135CD12,Bond,Canada
-0.02939513849632569,CH0106027144,MTF,Switzerland
-0.14338370807224476,CH0198251305,Stock,Greece
0.15166461159062883,CY0109232112,Stock,Greece
-0.03398058252427183,CY0109561015,Stock,Greece
0.3214285714285714,CY0109610614,Stock,Cyprus
0.4884004884004882,CY0200222111,Stock,Greece
0.5679314565483475,CY0200252118,Stock,Greece
-0.09767792559188271,DE0001102325,Bond,Germany
-0.09147915237214488,DE0001102457,Bond,Germany
0.1701229885666231,DE0001135275,Bond,Germany
-0.009059250587784007,DE0001141703,Bond,Germany
0.1417105263157894,DE0002635307,MTF,Germany
-0.042717317079339345,DE0005552004,Stock,Germany
0.31159225389994627,DE0005557508,Stock,Germany
0.09048473967684023,DE0005933931,MTF,Germany
0.21576898118105126,DE0005933949,MTF,Germany
0.14293948126801137,DE0005933956,MTF,Germany
-0.4147381986646076,DE0006047004,Stock,Germany
0.9147467233834059,DE0006599905,Stock,Germany
-0.11321048680650958,DE0007100000,Stock,Germany
0.10943915389410774,DE0007164600,Stock,Germany
0.06525220383604813,DE0008404005,Stock,Germany
-0.08700658241311665,DE000A0DEN75,Bond,Germany
0.5481603514552442,DE000A0H0728,MTF,Germany
0.3702206307034772,DE000A0H08Q4,MTF,Germany
-0.2439241017359709,DE000A0H08R2,MTF,Germany
-0.042164802673865576,DE000A0H08S0,MTF,Germany
-0.2775372358850017,DE000A0Q4R28,MTF,Germany
0.07834962622196673,DE000A14ZT85,MTF,Germany
0.04373709566414319,DE000A194DD9,Bond,Germany
0.48270532430847934,DE000A1EK0H1,MTF,Germany
0.04851580876263051,DE000A2TEDB8,Bond,Germany
-0.4617873382301504,DE000BASF111,Stock,Germany
-0.45576118707723967,DE000BAY0017,Stock,Germany
-0.1587044736390878,ES00000121G2,Bond,Spain
-0.036638376085639246,ES0000012A89,Bond,Spain
0.008251607621903023,ES0000012E85,Bond,Spain
-0.15611597384714637,ES0000012F43,Bond,Spain
-0.3940660398163556,ES0000012G00,Bond,Spain
0.04491061873241109,ES0000101768,Bond,Germany
-0.4801063439677301,ES0113900J37,Stock,Spain
0.6640637201311885,ES0144580Y14,Stock,Spain
-0.025956738768718846,ES0173516115,Stock,Spain
-0.561714076425345,ES0178430E18,Stock,Spain
-0.019074696097248878,EU000A1G0D39,Bond,Luxembourg
-0.0011885855831560432,EU000A1U9985,Bond,Germany
0.027799173727329984,EU000A1Z99E3,Bond,Germany
0.1693527756459452,FI0009000681,Stock,Finland
0.05847568988173468,FI0009003305,Stock,Finland
0.27963525835866254,FR0000120271,Stock,France
0.22895763656633217,FR0000120578,Stock,France
0.104806138933764,FR0000120628,Stock,France
1.9092416079569001,FR0000121014,Stock,France
0.2917528820573456,FR0000121501,Stock,France
-0.030927835051546504,FR0000125007,Stock,France
0.13742345737164396,FR0000125486,Stock,France
-0.13722016427766148,FR0000131104,Stock,France
-0.5968973747016706,FR0000131906,Stock,France
-0.322038567493113,FR0000133308,Stock,France
0.1821260306242638,FR0007054358,MTF,France
0.4846909300982092,FR0010315770,MTF,France
0.041678360931799,FR0010344630,MTF,France
-0.08739333883842548,FR0010344903,MTF,France
-0.027574032643274626,FR0010510800,MTF,France
-0.002838796890841433,FR0011020965,MTF,France
-0.028064803941006966,FR0011697010,Bond,France
-0.01954055670487187,FR0011993179,Bond,France
-0.011692487576731803,FR0013176336,MTF,France
-0.7153697126251211,FR0013176526,Stock,France
0.00961931706357011,FR0013220902,Bond,France
0.009274526378598713,FR0013232105,Bond,France
-0.37625161277633545,FR0013480613,Bond,France
-0.03426095832415066,FR0014003Y09,Bond,France
0.20211852775872097,GB00B15KXV33,MTF,United Kingdom
0.16860683909078578,GB00B15KY989,MTF,United Kingdom
-0.5962013556243075,GB00BH4HKS39,Stock,United Kingdom
-0.9225865558353739,GB00BN7CG237,Stock,United Kingdom
0.009599999999999831,GR0114031561,Bond,Greece
-0.08912493677288813,GR0114032577,Bond,Greece
-0.05805815672745196,GR0118019679,Bond,Greece
-0.04909999999999992,GR0118020685,Bond,Greece
0.007300000000000084,GR0124035693,Bond,Greece
-0.16590000000000005,GR0124036709,Bond,Greece
-0.23888055972013988,GR0124037715,Bond,Greece
-0.1856,GR0124038721,Bond,Greece
-0.22809999999999997,GR0128016731,Bond,Greece
-0.3833,GR0138017836,Bond,Greece
-0.0030000000000000027,GR0514024216,Bond,Greece
-0.02232400000000001,GRC1441197B3,Bond,Greece
-0.01118600000000003,GRC1451184D4,Bond,Greece
-0.0020000000000000018,GRC2451227D9,Bond,Greece
-0.11757499999999999,GRC281121BD8,Bond,Greece
-0.0025270643006329863,GRC3931176B0,Bond,Greece
-0.07290000000000008,GRC419120AD7,Bond,Greece
-0.0964824120603015,GRC422116743,Bond,Greece
-0.35,GRC4221178B3,Bond,Greece
-0.26,GRC4221197B3,Bond,Greece
-0.12,GRC4261213D5,Bond,Greece
-0.03500000000000003,GRC4951193D4,Bond,Greece
-0.11299999999999999,GRC4971221B3,Bond,Greece
-0.16033299999999995,GRC5091217D9,Bond,Greece
-0.039422999999999986,GRC5211214B5,Bond,Greece
-0.038461538461538436,GRC8081169B2,Bond,Greece
-0.015763546798029493,GRC8121176B9,Bond,Greece
-0.0009861932938857176,GRC8131177B5,Bond,Greece
-0.07650000000000001,GRC813119AD1,Bond,Greece
0.0,GRC815117CD9,Bond,Greece
0.0,GRC8161185B1,Bond,Greece
-0.0050000000000000044,GRC8171186B7,Bond,Greece
-0.018900000000000028,GRC8231227D3,Bond,Greece
0.12060645861291164,GRF000011004,MTF,Greece
-0.10924032676221684,GRF000014008,MTF,Greece
-0.012374234721140853,GRF000022001,MTF,Greece
0.14292144339270196,GRF000023009,MTF,Greece
-0.05865412796105851,GRF000024007,MTF,Greece
0.12743015847083794,GRF000025004,MTF,Greece
-0.04434178909942099,GRF000029006,MTF,Greece
0.17742686184069023,GRF000030004,MTF,Greece
0.235637828157367,GRF000031002,MTF,Greece
0.08351364303036468,GRF000032000,MTF,Greece
0.16952172306392876,GRF000034006,MTF,Greece
0.14611794073896767,GRF000036001,MTF,Greece
0.1865438158385717,GRF000037009,MTF,Greece
0.20007870916961834,GRF000038007,MTF,Greece
0.37981130617434866,GRF000045002,MTF,Greece
0.1648899755501223,GRF000084001,MTF,Greece
0.029413815950064315,GRF000093002,MTF,Greece
0.04009433962264164,GRF000153004,MTF,Greece
0.002569999999999961,GRF000394004,MTF,Greece
1.830564784053156,GRK014011008,Stock,Greece
-0.997241213865899,GRS001003037,Stock,Greece
0.16049382716049365,GRS003003035,Stock,Greece
0.04193548387096757,GRS004013009,Stock,Greece
-0.9742934782608695,GRS014003032,Stock,Greece
-0.44564047362755654,GRS015003007,Stock,Greece
-0.4502617801047121,GRS045003001,Stock,Greece
0.9329896907216495,GRS047063003,Stock,Greece
0.5510204081632653,GRS054003009,Stock,Greece
0.16842105263157903,GRS054061007,Stock,Greece
3.0384615384615383,GRS059063008,Stock,Greece
5.333333333333333,GRS059064006,Stock,Greece
3.707792207792207,GRS065003014,Stock,Greece
0.23376623376623362,GRS070003009,Stock,Greece
-0.13289183222958045,GRS074083007,Stock,Greece
0.18625000000000003,GRS074084005,Stock,Greece
0.34453781512605053,GRS079103008,Stock,Greece
0.10599078341013812,GRS083003012,Stock,Greece
0.17971530249110312,GRS084003011,Stock,Greece
0.3284789644012944,GRS087003000,Stock,Greece
0.665768194070081,GRS087103008,Stock,Greece
0.5436241610738255,GRS088003017,Stock,Greece
0.17021276595744683,GRS090003005,Stock,Greece
0.19999999999999996,GRS090004003,Stock,Greece
-0.021052631578947434,GRS090101007,Stock,Greece
-0.1923076923076924,GRS090106006,Stock,Greece
1.4949494949494948,GRS092103001,Stock,Greece
83.54545454545456,GRS095001004,Stock,Greece
-0.4663978494623656,GRS095003000,Stock,Greece
-0.4577464788732394,GRS096003009,Stock,Greece
2.3066666666666666,GRS106003007,Stock,Greece
-0.3580246913580247,GRS110111002,Stock,Greece
-0.3214285714285714,GRS110116001,Stock,Greece
-0.17333333333333334,GRS111003026,Stock,Greece
0.03960396039603964,GRS117123000,Stock,Greece
1.3584905660377355,GRS118003003,Stock,Greece
-0.04225352112676062,GRS120003009,Stock,Greece
0.014285714285714235,GRS120131008,Stock,Greece
-0.02941176470588236,GRS124153008,Stock,Greece
0.21176470588235308,GRS128003001,Stock,Greece
0.8999999999999999,GRS131003006,Stock,Greece
2.666666666666667,GRS131004004,Stock,Greece
2.040816326530612,GRS135003002,Stock,Greece
1.5204081632653064,GRS137003000,Stock,Greece
-0.02941176470588236,GRS142003003,Stock,Greece
-0.34569536423841063,GRS144003001,Stock,Greece
1.1125541125541125,GRS145003000,Stock,Greece
-0.028169014084507116,GRS147233001,Stock,Greece
3.8322147651006713,GRS148003015,Stock,Greece
-0.6799999999999999,GRS156203002,Stock,Greece
4.0,GRS165063009,Stock,Greece
-0.09691629955947145,GRS179003017,Stock,Greece
-0.12499999999999989,GRS182003004,Stock,Greece
7.833333333333334,GRS184003002,Stock,Greece
0.029761904761904878,GRS191213008,Stock,Greece
-0.4565217391304347,GRS201003019,Stock,Greece
-0.027027027027026973,GRS204003008,Stock,Greece
1.1973684210526314,GRS208303008,Stock,Greece
0.0,GRS213213002,Stock,Greece
1.0746268656716413,GRS222213001,Stock,Greece
0.42138364779874227,GRS224003004,Stock,Greece
-0.05882352941176472,GRS233003003,Stock,Greece
-0.14179104477611937,GRS234003002,Stock,Greece
0.7299270072992698,GRS237003009,Stock,Greece
-0.31499999999999995,GRS237061007,Stock,Greece
0.38275862068965516,GRS239003007,Stock,Greece
0.9924812030075185,GRS240003012,Stock,Greece
-0.17630057803468202,GRS245213004,Stock,Greece
-0.6965517241379311,GRS246003008,Stock,Greece
1.3658536585365852,GRS246073001,Stock,Greece
0.8584070796460179,GRS247003007,Stock,Greece
-0.21703296703296704,GRS247183007,Stock,Greece
2.3513513513513513,GRS249003005,Stock,Greece
-0.5697674418604651,GRS249501008,Stock,Greece
-0.44680851063829785,GRS250073004,Stock,Greece
-0.13793103448275856,GRS254183007,Stock,Greece
0.252336448598131,GRS259003002,Stock,Greece
0.26432848588537206,GRS260333000,Stock,Greece
0.7916666666666667,GRS265003004,Stock,Greece
0.8181818181818181,GRS265061002,Stock,Greece
1.299465240641711,GRS275073005,Stock,Greece
1.1606648199445986,GRS277023008,Stock,Greece
-0.4645669291338582,GRS279003008,Stock,Greece
-0.1275675675675676,GRS281003004,Stock,Greece
0.27117437722419924,GRS281101006,Stock,Greece
0.004697986577181235,GRS282183003,Stock,Greece
-0.38976377952755903,GRS284183001,Stock,Greece
3.928229665071771,GRS289103004,Stock,Greece
-0.7497393117831075,GRS294003009,Stock,Greece
0.6190476190476191,GRS295003008,Stock,Greece
4.166666666804986e-06,GRS296273006,Stock,Greece
-0.0792207792207793,GRS298343005,Stock,Greece
2.3045977011494254,GRS299003004,Stock,Greece
-0.3529411764705883,GRS301003000,Stock,Greece
0.3725490196078429,GRS308003003,Stock,Greece
3.3144329896915865,GRS310003009,Stock,Greece
-0.7453703703703703,GRS314003005,Stock,Greece
0.30894308943089444,GRS315003004,Stock,Greece
0.41095890410958913,GRS316003003,Stock,Greece
-0.21739130434782616,GRS316007004,Stock,Greece
0.23529411764705865,GRS316007012,Stock,Greece
1.6530612244897962,GRS319103008,Stock,Greece
-0.28333333333333344,GRS320313000,Stock,Greece
0.22386363636363638,GRS323003012,Stock,Greece
0.6666666666666665,GRS326003019,Stock,Greece
1.5178571428571428,GRS329503007,Stock,Greece
0.01760000000000006,GRS331043000,Stock,Greece
2.126760563380282,GRS332073006,Stock,Greece
0.9350427350427353,GRS337003008,Stock,Greece
-0.7981651376146789,GRS339003022,Stock,Greece
-0.27850467289719627,GRS340263003,Stock,Greece
2.52755905511811,GRS341003002,Stock,Greece
-0.4991438356164384,GRS343313003,Stock,Greece
-0.39560439560439553,GRS344003009,Stock,Greece
-0.5333333333333334,GRS344061007,Stock,Greece
0.041044776119402826,GRS345503007,Stock,Greece
-0.6320754716981132,GRS346003007,Stock,Greece
-0.014084507042253391,GRS348003005,Stock,Greece
0.06363636363636371,GRS350263000,Stock,Greece
2.0,GRS354003006,Stock,Greece
0.11568938193343903,GRS359353000,Stock,Greece
5.894308943089431,GRS364253005,Stock,Greece
6.436191489361703,GRS368313003,Stock,Greece
0.8793103448275865,GRS371113002,Stock,Greece
-0.12573839662447261,GRS372003004,Stock,Greece
1.4666666666666668,GRS373173004,Stock,Greece
1.9545454545454546,GRS374003002,Stock,Greece
0.40000000000000013,GRS375183001,Stock,Greece
0.30434782608695654,GRS379233000,Stock,Greece
0.042553191489361764,GRS382073005,Stock,Greece
0.30263157894736836,GRS384003000,Stock,Greece
1.212121212121212,GRS385113006,Stock,Greece
0.7384615384615383,GRS387503006,Stock,Greece
0.016000000000000014,GRS392193009,Stock,Greece
0.9340540540540541,GRS393503008,Stock,Greece
-0.41259398496240607,GRS395363005,Stock,Greece
0.6691449814126393,GRS396003006,Stock,Greece
0.5441176470588236,GRS397003005,Stock,Greece
0.04545636363636363,GRS398003004,Stock,Greece
0.17021276595744683,GRS398161000,Stock,Greece
0.8867924528301887,GRS399163005,Stock,Greece
0.5643564356435644,GRS402003008,Stock,Greece
0.052147239263803824,GRS403003007,Stock,Greece
0.30000000000000004,GRS404003006,Stock,Greece
1.8571473214285712,GRS405003005,Stock,Greece
-0.16666666666666663,GRS406003004,Stock,Greece
0.5735294117647058,GRS407183003,Stock,Greece
0.5153061224489794,GRS412503005,Stock,Greece
2.9036144578313254,GRS413313008,Stock,Greece
0.2356807511737089,GRS419003009,Stock,Greece
-0.8674418604651163,GRS422003004,Stock,Greece
2.5813953488372094,GRS424003002,Stock,Greece
0.011029411764705843,GRS426003000,Stock,Greece
-0.06719367588932801,GRS427003009,Stock,Greece
-0.20659340659340664,GRS428003008,Stock,Greece
0.33896713615023466,GRS432003028,Stock,Greece
0.08080808080808066,GRS433003019,Stock,Greece
2.2115384615384612,GRS434003000,Stock,Greece
0.27083333333333326,GRS438003006,Stock,Greece
0.4158878504672896,GRS439003005,Stock,Greece
0.6379310344827587,GRS445003007,Stock,Greece
0.5163934426229508,GRS446003014,Stock,Greece
0.3132530120481929,GRS448003004,Stock,Greece
0.8169934640522878,GRS449003003,Stock,Greece
1.1739130434782608,GRS457003002,Stock,Greece
1.835227272727273,GRS461003006,Stock,Greece
0.9607843137254901,GRS469003024,Stock,Greece
0.03694267515923588,GRS470003013,Stock,Greece
7.101092896174864,GRS472003011,Stock,Greece
1.1500000000000004,GRS473003002,Stock,Greece
-0.3191780821917808,GRS474003001,Stock,Greece
4.474137931034482,GRS475003018,Stock,Greece
0.23571428571428577,GRS477003008,Stock,Greece
4.54054054054054,GRS484003009,Stock,Greece
0.23529411764705888,GRS487003006,Stock,Greece
2.7142857142857144,GRS488003005,Stock,Greece
2.6453900709219864,GRS489003004,Stock,Greece
0.2086021505376343,GRS491003000,Stock,Greece
0.03252032520325199,GRS494003007,Stock,Greece
-0.39903846153846156,GRS495003006,Stock,Greece
3.306034482758621,GRS496003005,Stock,Greece
0.6772151898734178,GRS497003012,Stock,Greece
30.0,GRS498003003,Stock,Greece
0.6111111111111109,GRS500003009,Stock,Greece
-0.22330097087378642,GRS501003008,Stock,Greece
-0.08461538461538465,GRS502003007,Stock,Greece
-0.03555555554591128,GRS504003021,Stock,Greece
4.052631578997896,GRS505003004,Stock,Greece
-0.011299435028248594,GRS506003003,Stock,Greece
0.6779661016949152,GRS507003002,Stock,Greece
0.8125,GRS509003018,Stock,Greece
-0.4622754491017964,GRS510003015,Stock,Greece
-0.1717171717171717,GRS511003006,Stock,Greece
0.9391304347826088,GRS512003005,Stock,Greece
0.6163584905660375,GRS513003004,Stock,Greece
0.29807692307692313,GRS516003001,Stock,Greece
0.0734463276836157,GRS517003000,Stock,Greece
-0.09999999999999998,GRS518003009,Stock,Greece
-0.3238095238095239,GRS520003005,Stock,Greece
0.02776424744276662,GRS522003003,Stock,Greece
-0.06333333333333324,GRS525003000,Stock,Greece
1.0325203252032522,GRS807003017,Stock,Cyprus
0.0,GRX497003012,,
0.04230377166156973,IE00B11XZB05,MTF,Ireland
-0.046393289229630374,IE00B14X4Q57,MTF,Germany
0.19753379954772865,IE00B19Z9Z06,MTF,Ireland
-0.0652199551833943,IE00B1FZS681,MTF,Netherlands
1.0081350519741799,IE00B1XNHC34,MTF,United Kingdom
-0.10635042081101753,IE00B3F81R35,MTF,United Kingdom
0.3862815884476536,IE00B3ZW0K18,MTF,United Kingdom
0.2549243851081562,IE00B4K48X80,MTF,United Kingdom
0.6092450079494325,IE00B4L5Y983,MTF,United Kingdom
0.17315284827975175,IE00B4L5YX21,MTF,Germany
-0.06923643316549744,IE00B4L60045,MTF,Germany
-0.16015651158912791,IE00B4S3JD47,Bond,United Kingdom
-0.08013879709187044,IE00B4WXJJ64,MTF,Germany
-0.018524930747922497,IE00B52VJ196,MTF,Germany
0.582382778876565,IE00B53SZB19,MTF,United Kingdom
0.8294388764682197,IE00B5BMR087,MTF,United Kingdom
-0.16222760290556903,IE00B66F4759,Stock,United Kingdom
-0.04088259783513737,IE00B6YX5K17,MTF,Germany
0.1641983258209916,IE00B7LW6Y90,MTF,United Kingdom
0.020835268247442862,IE00B7N3YW49,MTF,United Kingdom
0.14958098955343813,IE00B8FHGS14,MTF,Germany
0.052372696723732126,IE00BCRY6003,Stock,United Kingdom
-0.06413065126468831,IE00BF11F565,MTF,United Kingdom
0.03495643259866732,IE00BF3N7094,MTF,United Kingdom
-0.14320446306466672,IE00BF3N7102,MTF,Germany
0.04191666700838481,IE00BFNM3J75,MTF,United Kingdom
-0.2074759941246216,IE00BFZRPZ02,Bond,Ireland
-0.15279007971656333,IE00BGDQ0L74,MTF,Germany
-0.0063480209111276276,IE00BJ5JPH63,MTF,Germany
0.13924393892883047,IE00BKPSFD61,MTF,Netherlands
-0.16799037304452458,IE00BKWD3966,MTF,Italy
0.014566894996965285,IE00BKWQ0C77,MTF,United Kingdom
0.30803414805285945,IE00BM67HL84,MTF,Germany
0.05551675977653625,IE00BM67HM91,MTF,Germany
-0.02677439797211656,IE00BM67HP23,MTF,Germany
0.24592220828105393,IE00BM67HQ30,MTF,Germany
0.41046309467362074,IE00BM67HT60,MTF,Germany
0.5350638554421943,IE00BP3QZ601,MTF,United Kingdom
0.3116002661349102,IE00BP3QZB59,MTF,United Kingdom
-0.030103176558140543,IE00BP46NG52,MTF,United Kingdom
0.05800188951530738,IE00BQQPSF11,MTF,Ireland
0.2679835390946501,IE00BYM11K57,MTF,Italy
0.1223677916196042,IE00BYPC1H27,MTF,Netherlands
0.25603693181818166,IE00BYX2JD69,MTF,United Kingdom
-0.016750305167503088,IE00BZ036J45,MTF,Germany
0.0035420098846787873,IE00BZ0PKV06,MTF,United Kingdom
-0.07127732884104121,IT0000366655,Bond,Italy
-0.018510369000097282,IT0005030504,Bond,Italy
-0.17504774029280712,IT0005239360,Stock,Italy
0.08971708517227617,IT0005252520,Bond,Italy
-0.007621467132422954,IT0005277444,Bond,Italy
-0.026521085920015564,IT0005344335,Bond,Italy
-0.24995994140180344,IT0005402117,Bond,Italy
-0.01897425975435707,IT0005482309,Bond,Italy
0.0,JE00B3T3K772,MTF,United Kingdom
-0.046937812378170185,LU0006061385,MTF,Luxembourg
0.21861754384360155,LU0006061419,MTF,Luxembourg
0.2214683617560418,LU0006277684,MTF,Luxembourg
-0.024052293876175246,LU0006344922,MTF,Luxembourg
-0.018685542489629614,LU0006391097,MTF,Luxembourg
-0.48815889992360584,LU0011850392,MTF,Luxembourg
0.10650018406264672,LU0012182399,MTF,Luxembourg
0.23594963080910203,LU0012186622,MTF,Luxembourg
-0.10503495882908531,LU0033040600,MTF,Luxembourg
-0.06580240214697386,LU0033040782,MTF,Luxembourg
0.19375366582935794,LU0033041590,MTF,Luxembourg
0.1940290952466479,LU0033043885,MTF,Luxembourg
-0.07237505038291003,LU0033050237,MTF,Luxembourg
0.0411516750052785,LU0039703375,MTF,Luxembourg
0.08703129233633766,LU0047713382,MTF,Luxembourg
-0.023598408965537332,LU0049785362,MTF,Luxembourg
-0.038880174388205235,LU0049785446,MTF,Luxembourg
0.22315078294440416,LU0049785792,MTF,Luxembourg
-0.09756097560975607,LU0050372472,MTF,Luxembourg
0.013611805687724798,LU0053903380,MTF,Luxembourg
-0.13817568072172193,LU0053903893,MTF,Luxembourg
0.15688728095132065,LU0055631609,Stock,Luxembourg
0.027339181286549552,LU0072462186,MTF,Luxembourg
0.33324789247778264,LU0072462426,MTF,Luxembourg
-0.15979604182870966,LU0075938133,MTF,Luxembourg
-0.0210081883683374,LU0083138064,MTF,Luxembourg
-0.13375929418855603,LU0083284397,MTF,Luxembourg
-0.16253658536585358,LU0085995990,MTF,Luxembourg
-0.0035812805497750233,LU0086177085,MTF,Luxembourg
-0.2890190336749633,LU0089290844,MTF,Luxembourg
-0.07848348641782288,LU0089291651,MTF,Luxembourg
-0.023364335389394864,LU0091115906,MTF,Luxembourg
0.23632680621201874,LU0093503497,MTF,Luxembourg
-0.07191994996873052,LU0093503810,MTF,Luxembourg
0.18375350140056002,LU0094557526,MTF,Luxembourg
0.0677293274400117,LU0101692753,MTF,Luxembourg
-0.06723014566531571,LU0106234643,MTF,Luxembourg
0.06806299187835618,LU0106235293,MTF,Luxembourg
0.018484010767946257,LU0106244287,MTF,Luxembourg
0.17308015364145923,LU0106258311,MTF,Luxembourg
-0.07088196162123073,LU0113257694,MTF,Luxembourg
0.3110327549410783,LU0115143082,MTF,Luxembourg
-0.01621621621621616,LU0118259661,MTF,Luxembourg
-0.0748454306068036,LU0127230596,MTF,Luxembourg
0.22704566833747308,LU0128497889,MTF,Luxembourg
-0.03159702346880355,LU0130799603,MTF,Luxembourg
0.08293713681986259,LU0131126574,MTF,Luxembourg
0.43858482153616274,LU0147414022,MTF,Luxembourg
-0.014332514332514368,LU0152980495,MTF,Luxembourg
0.2515424774560988,LU0154234636,MTF,Luxembourg
0.43356009070294776,LU0161942635,MTF,Luxembourg
0.09013706067557892,LU0162302276,MTF,Luxembourg
-0.032549728752260365,LU0162658883,MTF,Luxembourg
-0.16816178569459317,LU0164852419,MTF,Luxembourg
-0.03387624325803429,LU0164858028,MTF,Luxembourg
0.03380521755598709,LU0165081950,MTF,Luxembourg
-0.029932803909590633,LU0165091165,MTF,Luxembourg
-0.00553322849321447,LU0165130674,MTF,Luxembourg
0.1042959374001442,LU0165281881,MTF,Luxembourg
0.07480073574494184,LU0165915058,MTF,Luxembourg
-0.0666105842765371,LU0167160653,MTF,Luxembourg
-0.005975508946242214,LU0167236651,MTF,Luxembourg
-0.024132113756177298,LU0167237543,MTF,Luxembourg
0.23251641002366297,LU0167238863,MTF,Luxembourg
0.03252032520325221,LU0170473374,MTF,Luxembourg
0.0898655296818629,LU0171275786,MTF,Luxembourg
0.3367690366007572,LU0171283459,MTF,Luxembourg
0.6329812391612804,LU0171298648,MTF,Luxembourg
0.3434856175972927,LU0171304719,MTF,Luxembourg
0.1596868884540117,LU0171305526,MTF,Luxembourg
0.8645928636779507,LU0171307068,MTF,Luxembourg
0.9829683698296836,LU0171310443,MTF,Luxembourg
-0.012355447352404014,LU0172069584,MTF,Luxembourg
-0.0997001499250375,LU0172394222,MTF,Luxembourg
-0.1007712082262211,LU0172396516,MTF,Luxembourg
-0.031568452486000154,LU0172412149,MTF,Luxembourg
-0.042975863403615366,LU0172417379,MTF,Luxembourg
0.12285263778677136,LU0175074516,MTF,Luxembourg
0.14871725465131358,LU0184696937,MTF,Luxembourg
0.06717595787075803,LU0201322137,MTF,Luxembourg
0.28190543903306087,LU0204480833,MTF,Luxembourg
-0.062283385575416794,LU0205194797,MTF,Luxembourg
0.6430700447093891,LU0208853274,MTF,Luxembourg
-0.01988474961447928,LU0212175227,MTF,Luxembourg
0.01286445582016471,LU0212178916,MTF,Luxembourg
0.021372031662269197,LU0212925753,MTF,Luxembourg
0.025712610860817442,LU0214787094,MTF,Luxembourg
0.07633045841537478,LU0243957825,MTF,Luxembourg
0.032753811779065556,LU0243958047,MTF,Luxembourg
0.34620024125452376,LU0248271941,MTF,Luxembourg
-0.02566744730679149,LU0252499412,MTF,Luxembourg
0.057556106152920394,LU0265268689,MTF,Luxembourg
0.40713941148094546,LU0274221281,MTF,Germany
-0.12298195631528963,LU0274704161,MTF,Luxembourg
-0.06361829025844934,LU0278453476,MTF,Luxembourg
-0.02366057019879897,LU0280673723,MTF,Luxembourg
-0.025745738636363646,LU0281576909,MTF,Luxembourg
-0.08654091256691299,LU0282880003,MTF,Luxembourg
-0.0571032021413701,LU0290356954,MTF,Germany
0.05600664329212046,LU0290358224,MTF,Germany
-0.022633715031163848,LU0290358497,MTF,Germany
-0.09908210096889347,LU0290359032,MTF,Germany
0.036435531704561486,LU0292108619,MTF,Germany
-0.14163090128755362,LU0297943168,MTF,Luxembourg
-0.18510317148755406,LU0308882355,MTF,Luxembourg
-0.028468100492455295,LU0309035870,MTF,Luxembourg
0.22834346504559266,LU0316493583,MTF,Luxembourg
-0.041313368212159474,LU0325598166,MTF,Luxembourg
-0.026259363680325554,LU0329630130,MTF,Luxembourg
-0.10957458038636136,LU0330917880,MTF,Luxembourg
-0.04309786130913795,LU0363630707,MTF,Luxembourg
-0.1371011651965589,LU0378967565,MTF,Luxembourg
0.3026524053911457,LU0391944815,MTF,Luxembourg
-0.20935046395431833,LU0417441200,MTF,Luxembourg
-0.17251592148762773,LU0425487740,MTF,Luxembourg
0.023755656108597423,LU0430493212,MTF,Luxembourg
-0.026184695130268776,LU0432365988,MTF,Luxembourg
0.030921820303383862,LU0432616737,MTF,Luxembourg
0.21690414841839756,LU0447610683,MTF,Luxembourg
-0.07241024888040526,LU0447610766,MTF,Luxembourg
-0.06363993142337798,LU0447611061,MTF,Luxembourg
-0.0008736167734421096,LU0454936104,MTF,Luxembourg
0.1825399685296627,LU0456865749,MTF,Luxembourg
-0.20546533527593203,LU0474967485,MTF,Luxembourg
-0.06502150734919365,LU0476459721,MTF,Luxembourg
0.2767002091160433,LU0482498762,MTF,Luxembourg
0.5732596600062594,LU0494093205,MTF,Luxembourg
-0.01872956974997797,LU0502418741,MTF,Luxembourg
0.1528907157537307,LU0503635038,MTF,Luxembourg
0.14229621687651117,LU0503635624,MTF,Luxembourg
-0.0034839019702065377,LU0524480265,MTF,Germany
0.30849388238179243,LU0545039389,MTF,Luxembourg
-0.04540994587964031,LU0546265769,MTF,Luxembourg
0.16534337247538522,LU0551246555,MTF,Luxembourg
-0.026425591098748313,LU0561744862,MTF,Luxembourg
0.18986032074495607,LU0562822386,MTF,Luxembourg
-0.12916006339144204,LU0625451512,MTF,Luxembourg
-3.013894051584476e-05,LU0670223279,MTF,Luxembourg
-0.3821416387389376,LU0671501392,MTF,Luxembourg
-0.2694827788150832,LU0671501806,MTF,Luxembourg
-0.014601185518690607,LU0671502010,MTF,Luxembourg
-0.0035558041511015714,LU0694810861,MTF,Luxembourg
0.20768656707588407,LU0736302315,MTF,Luxembourg
-0.05706463236228476,LU0738912566,MTF,Luxembourg
-0.25329354523645564,LU0757360960,MTF,Luxembourg
0.01890482398956972,LU0775052292,MTF,Luxembourg
0.004099424045293176,LU0776413196,MTF,Luxembourg
-0.11979166666666663,LU0779800910,MTF,Germany
-0.07299270072992703,LU0784383399,MTF,Luxembourg
-0.007844872404335068,LU0784384876,MTF,Luxembourg
-0.15736342042755347,LU0794791870,MTF,Luxembourg
-0.058136812557816775,LU0820561818,MTF,Luxembourg
-0.3089603828768944,LU0823389423,MTF,Luxembourg
0.14439781598303325,LU0823407779,MTF,Luxembourg
0.41560448647496195,LU0823417653,MTF,Luxembourg
0.41801043013374595,LU0823417810,MTF,Luxembourg
0.8686430786674224,LU0823421689,MTF,Luxembourg
-0.24511406196799446,LU0823427611,MTF,Luxembourg
0.03952115447687765,LU0823431720,MTF,Luxembourg
-0.017707362534948645,LU0823447643,MTF,Luxembourg
-0.1467065868263473,LU0823449425,MTF,Luxembourg
0.06455698924014852,LU0825403933,MTF,Luxembourg
-0.08161114462630947,LU0830747522,MTF,Luxembourg
-0.019351898330074335,LU0849399786,MTF,Luxembourg
-0.224401349684348,LU0849400543,MTF,Luxembourg
-0.020724486241727735,LU0941349275,MTF,Luxembourg
-0.03384442963005907,LU0953782009,Bond,Luxembourg
-0.07947404041380657,LU0954602917,MTF,Luxembourg
0.1054917204532908,LU0954603725,MTF,Luxembourg
0.18935918291039822,LU0955662357,MTF,Luxembourg
0.0,LU0973708182,MTF,Luxembourg
-0.1956263436304112,LU0995120242,MTF,Luxembourg
0.004529270530127638,LU1003076772,MTF,Luxembourg
-0.09219104806291012,LU1046235732,MTF,Luxembourg
-0.030505151928088114,LU1080341495,MTF,Luxembourg
-0.136116910229645,LU1081987536,MTF,Luxembourg
0.18180917459887502,LU1093756168,MTF,Luxembourg
-0.07977736549165115,LU1093756242,MTF,Luxembourg
-0.10758360810174283,LU1116037828,MTF,Luxembourg
-0.28017718715393125,LU1133085917,MTF,Luxembourg
0.5588331694526385,LU1165135440,MTF,Luxembourg
0.5593717827245099,LU1279333832,MTF,Luxembourg
0.18266185460705597,LU1279335027,MTF,Luxembourg
-0.039981777884549596,LU1389986909,MTF,Luxembourg
0.4106961296007592,LU1458427942,MTF,Luxembourg
-0.050317341642273195,LU1467572357,MTF,Luxembourg
-0.04447033692591518,LU1484486714,MTF,Luxembourg
-0.026573978241216656,LU1514167136,MTF,Luxembourg
-0.055853534866444066,LU1514167722,MTF,Luxembourg
-0.190659858123163,LU1514168027,MTF,Luxembourg
-0.18427847374964135,LU1620156999,MTF,Luxembourg
-0.12332273646835379,LU1645386480,MTF,Germany
0.03689340739964386,LU1679117579,MTF,Luxembourg
0.03173177524662596,LU1681040900,MTF,France
0.11247966934262954,LU1737068558,MTF,Luxembourg
0.3585760578715047,LU1775951525,MTF,Luxembourg
-0.0348023267277926,LU1819948784,MTF,Luxembourg
-0.09167191105517103,LU1882473264,MTF,Luxembourg
-0.016517128874388276,LU1883311653,MTF,Luxembourg
0.20035495957404836,LU1883321298,MTF,Luxembourg
-0.01920637796702296,LU1883324391,MTF,Luxembourg
0.0877459606462967,LU1883854272,MTF,Luxembourg
-0.11016016627949632,LU1956159856,MTF,Luxembourg
-0.15755221906841121,LU2343327081,MTF,Luxembourg
0.0865068184102682,MHY1771G1109,Stock,USA
0.1440677665728778,MHY1771G1281,Stock,USA
0.1131613349495717,MHY1771G1364,Stock,-
0.8745434927249582,MHY8162K2046,Stock,USA
0.31939577039274925,NL0000235190,Stock,France
2.8342465753424655,NL0010273215,Stock,Netherlands
0.06075036075036078,NL00150001Q9,Stock,France
-0.10236602379625526,NO0010757925,Bond,Norway
0.002919875134898664,NO0010844079,Bond,Norway
-0.17708353532881183,PTOTEQOE0015,Bond,Portugal
-0.028965424200278145,PTOTESOE0013,Bond,Portugal
-0.42731302576098507,US00206R1023,Stock,USA
0.0,US00206REJ77,Bond,-
-0.7042754644744704,US00214Q1040,MTF,USA
0.060640750675341026,US002824BA72,Bond,USA
0.39752591935365866,US0032601066,MTF,USA
1.0596029748085507,US02079K3059,Stock,USA
0.8049174814315703,US0231351067,Stock,USA
0.05178886462294785,US03512TAC53,Bond,USA
2.805965627981361,US0378331005,Stock,USA
0.16371300971386415,US037833AK68,Bond,USA
0.04462845591253006,US037833CM07,Bond,Germany
-0.032649937966343856,US0556221044,Stock,USA
-0.3142655980410932,US0970231058,Stock,USA
0.5931126049472519,US1266501006,Stock,USA
-0.8436643159122953,US13057Q2066,Stock,USA
0.08367721305989617,US136069TY74,Bond,Germany
0.7383058236045814,US1491231015,Stock,USA
0.44248519288497357,US17275R1023,Stock,USA
-0.2572534059465923,US1729674242,Stock,USA
0.09021382883965057,US172967GL98,Bond,USA
0.1945363837390055,US191216CE82,Bond,USA
0.07746089062043571,US219868BZ88,Bond,United Kingdom
-0.9221922743454479,US22539T1833,MTF,USA
-0.8802409369853009,US22539T2179,MTF,USA
0.03882933886935924,US25243YAU38,Bond,USA
0.044943416250707635,US25271CAP77,Bond,USA
-0.016647533016103,US2546871060,Stock,USA
-0.11320750000335122,US26922V1017,MTF,USA
0.21391317532055343,US26924G7714,MTF,USA
0.061864536516216706,US294829AA48,Bond,Germany
0.06358042191617952,US298785GQ39,Bond,Germany
0.15259973917248515,US298785GS94,Bond,Germany
-0.06097755412473427,US298785HA77,Bond,Germany
0.1915458738732394,US298785HM16,Bond,Germany
0.1388513444726962,US298785HP47,Bond,Germany
0.08672508607245,US298785HV15,Bond,Germany
-0.03772867780856537,US298785JH03,Bond,Germany
0.5093646688438349,US30231G1022,Stock,USA
0.04262523612460001,US30231GAC69,Bond,USA
-0.2994854183077067,US30303M1027,Stock,USA
-0.0486075692936454,US3696043013,Stock,USA
0.7424898012369574,US38141G1040,Stock,USA
0.09436553727874131,US38141GWC40,Bond,USA
-0.0005793852461556392,US3814305450,MTF,USA
0.025180726266457176,US40428HPR74,Bond,USA
0.020493978056505657,US42824CAG42,Bond,USA
0.11505099523925577,US42824CAW91,Bond,USA
0.019539551979097958,US459058FT50,Bond,Germany
-0.03972849364026776,US459058JG93,Bond,Germany
0.10262974739415398,US4592001014,Stock,USA
0.8149047891682084,US46090E1038,MTF,USA
0.230390416983145,US4642863504,MTF,USA
-0.1478841073043935,US4642864007,MTF,USA
0.08921396711491392,US4642871762,MTF,USA
0.37582018539556317,US4642876555,MTF,USA
0.10719886257482791,US4642876894,MTF,USA
0.00787633760187112,US4642882579,MTF,USA
0.09591361056484926,US46429B2676,MTF,USA
0.4687495957775367,US46625H1005,Stock,USA
0.42849675664049913,US47215P1066,Stock,USA
0.468414853793653,US4781601046,Stock,USA
-0.0374430022841179,US478160BS27,Bond,USA
-0.09086894536984569,US5007674055,MTF,USA
0.12429188196190277,US500769GK42,Bond,Germany
2.2464521348317996,US5949181045,Stock,USA
0.12726654003825355,US594918BB90,Bond,Germany
0.46545644629313676,US5951121038,Stock,USA
5.807109806070316,US60770K1079,Stock,USA
0.019615089866673152,US61166WAW10,Bond,USA
0.19862249290520073,US62914V1061,Stock,USA
0.6223483631785474,US64110L1061,Stock,USA
-0.11265174207467654,US65504LAP22,Bond,USA
0.22842244550765556,US71647NAA72,Bond,USA
0.16676048893580453,US71647NAV10,Bond,USA
0.2078049117436076,US71647NAY58,Bond,USA
0.1511139120453482,US71647NAZ24,Bond,USA
0.2087829115865827,US71654V4086,Stock,USA
0.5768340306839548,US7170811035,Stock,USA
0.08030883657997534,US72201R7750,MTF,USA
0.11958958532561437,US73935A1043,MTF,USA
-0.01434533678371508,US74347X8496,MTF,USA
0.7073242532578952,US78462F1030,MTF,USA
0.5845035181611229,US78467X1090,MTF,USA
0.164341617968228,US78468R6633,MTF,USA
0.4337135362001563,US81369Y5069,MTF,USA
0.11693245870681257,US822582BX94,Bond,USA
0.09594240472555526,US86562MAM29,Bond,USA
0.11255999554158769,US87264AAU97,Bond,USA
0.0005639816111946416,US88166JAA16,Bond,USA
0.05912278312894492,US89114QBL14,Bond,USA
0.04200431617152445,US89236TDP75,Bond,Germany
0.10384157893125057,US89236TDR32,Bond,Germany
1.6076934002812004,US90184L1026,Stock,USA
0.18144623844672325,US912810RK60,Bond,USA
-0.0015001888290678833,US9128286C90,Bond,USA
0.09850753107769084,US912828G385,Bond,Germany
-0.08209067281534421,US912828P873,Bond,Germany
0.03470099858803355,US912828U733,Bond,Germany
0.0467168520175989,US91282CDR97,Bond,Germany
-0.04952892707319534,US91282CFE66,Bond,USA
0.17952205160606782,US91831AAC53,Bond,USA
0.3720929747057018,US92189F1066,MTF,USA
0.09565447203718103,US9219378356,MTF,USA
0.2093515073654988,US9229085538,MTF,USA
-0.20811787577065555,US92556V1061,Stock,USA
-0.5028182501298736,US92766K1060,Stock,USA
1.119700147557388,US92826C8394,Stock,USA
0.021379246203282243,US931422AH23,Bond,Germany
-0.09591362360760536,US9497461015,Stock,USA
0.19351967167372375,US949746SH57,Bond,USA
0.14551741347450475,US94974BGH78,Bond,USA
-0.4859640712324488,US9581021055,Stock,USA
-0.14759486772307318,US97717W8516,MTF,USA
0.09590391549722832,USC10602AR84,Bond,Germany
0.12900185590353241,USC96729AC96,Bond,Germany
0.0111550501328046,USF12033AZ33,Bond,Germany
0.12998645195370595,USL34664AA71,Bond,Luxembourg
0.25947918881196075,XS0070553820,Bond,Luxembourg
-0.06698314598354904,XS0196448129,Bond,Luxembourg
-0.4109467874366436,XS0205537581,Bond,Germany
-0.08640724516913656,XS0207764712,Bond,Luxembourg
0.07248840490275921,XS0210976329,Bond,Germany
-0.013267401860676209,XS0213101073,Bond,Germany
0.06996787957332273,XS0214965963,Bond,France
-0.044282739175648844,XS0478803355,Bond,Germany
0.06622228227416715,XS0505157965,Bond,Germany
0.05394685135297084,XS0809571739,Bond,United Kingdom
-0.11618667060754717,XS0830192711,Bond,Germany
0.0021978303751146733,XS0832628423,Bond,Luxembourg
-0.02521343477195037,XS0842659426,Bond,Germany
0.048075674523797796,XS0858461758,Bond,China
-0.058344947078985965,XS0969795680,Bond,United Kingdom
-0.010373370576429064,XS0989155089,Bond,Germany
0.0852010105101555,XS1028955844,Bond,Germany
-0.024551213551614604,XS1068872925,Bond,Germany
0.05380956180187013,XS1085735899,Bond,Luxembourg
-0.03898032541467955,XS1207449684,Bond,Germany
0.0,XS1208856341,Bond,-
-0.11388367064828275,XS1227247191,Bond,United Kingdom
-0.014331618270349011,XS1260085037,Bond,Germany
-0.036717541247011765,XS1280834992,Bond,Germany
-0.012265684727059356,XS1288040055,Bond,Germany
0.016879728279615147,XS1292384960,Bond,Germany
-0.13471525939042617,XS1314321941,Bond,United Kingdom
-0.01801934501890312,XS1328798779,Bond,Ireland
0.016608153539380055,XS1330978567,Bond,Ireland
0.13616677076187456,XS1361554584,Bond,Germany
0.053321792955123515,XS1394055872,Bond,Germany
-0.0728947378135909,XS1405888576,Bond,Ireland
0.0,XS1428088626,Bond,-
-0.12445005372576512,XS1497606365,Bond,Luxembourg
0.06831258106355387,XS1503043694,Bond,Germany
0.047577717219113635,XS1551001768,Bond,Germany
-0.06688621440060549,XS1551678409,Bond,Luxembourg
-0.03350519856062828,XS1576621632,Bond,Germany
0.18099931592233465,XS1612977717,Bond,Germany
0.021820742404467852,XS1633845158,Bond,United Kingdom
-0.07675897991805536,XS1637276848,Bond,United Kingdom
0.04535953878613608,XS1645113322,Bond,Germany
0.04462619535488632,XS1683407453,Bond,Germany
-0.10822365823717162,XS1685702794,Bond,Luxembourg
-0.005150538917392478,XS1691349523,Bond,Luxembourg
0.023937416227708397,XS1717575259,Bond,United Kingdom
0.0008808601162535457,XS1762980065,Bond,Luxembourg
-0.10207454082964995,XS1791485011,Bond,Germany
-0.17919100895036622,XS1824424706,Bond,Germany
0.032941198426308826,XS1865186321,Bond,Germany
-0.0007458886908618956,XS1909184753,Bond,Germany
0.03043258109033853,XS1915152000,Bond,Germany
0.1175591056877936,XS1980857319,Bond,Germany
0.1295896431919703,XS2010037849,Bond,Germany
-0.0353462810978441,XS2010038144,Bond,Luxembourg
-0.02013274389510411,XS2018638648,Bond,Luxembourg
-0.024265365364777525,XS2028846363,Bond,Luxembourg
-0.06077241839564285,XS2055106137,Bond,Luxembourg
0.030480276063223455,XS2055781962,Bond,Germany
-0.046709990877721874,XS2060691719,Bond,Luxembourg
-0.06641762997095058,XS2079716853,Bond,USA
-0.008425758511228398,XS2092381107,Bond,United Kingdom
-0.1934267627936247,XS2105095777,Bond,United Kingdom
-0.18281425852910127,XS2111230285,Bond,Luxembourg
-0.6206418491532888,XS2114234714,Bond,Luxembourg
-0.14744433385468503,XS2121408996,Bond,Luxembourg
-0.09583950276642728,XS2237982769,Bond,Luxembourg
-0.17505475501574608,XS2307437629,Bond,Luxembourg
-0.09069602981762148,XS2314265237,Bond,Ireland
-0.12027813994344871,XS2337604479,Bond,Luxembourg
-0.168119593177411,XS2359929812,Bond,Ireland
-0.06842729949593251,XS2364001151,Bond,Ireland
-0.062283613951149674,XS2367107856,Bond,United Kingdom
0.1262570301489514,XS2373771174,Bond,Luxembourg
-0.086174890022499,XSTITANBOND27,Bond,Ireland
